{"cameraMode":{"drawMode":0,"name":"Shaded","section":"Shading Mode"},"sceneLighting":true,"audioPlay":false,"sceneViewState":{"m_AlwaysRefresh":false,"showFog":true,"showSkybox":true,"showFlares":true,"showImageEffects":true,"showParticleSystems":true,"showVisualEffectGraphs":true,"m_FxEnabled":true},"in2DMode":false,"pivot":{"x":1.0010137557983399,"y":8.640264511108399,"z":6.237886428833008},"rotation":{"x":-0.025294430553913118,"y":0.19664734601974488,"z":0.005072203930467367,"w":0.9801554083824158},"size":12.12435531616211,"orthographic":false}