{"cameraMode":{"drawMode":0,"name":"Shaded","section":"Shading Mode"},"sceneLighting":false,"audioPlay":false,"sceneViewState":{"m_AlwaysRefresh":false,"showFog":true,"showSkybox":false,"showFlares":true,"showImageEffects":true,"showParticleSystems":true,"showVisualEffectGraphs":true,"m_FxEnabled":true},"in2DMode":false,"pivot":{"x":-0.37799739837646487,"y":1.291831135749817,"z":-0.1908268928527832},"rotation":{"x":0.1464865505695343,"y":-0.005643317010253668,"z":0.000835459039080888,"w":0.9892507791519165},"size":7.72996187210083,"orthographic":false}